username;first_name;last_name;email;password
joao_silva;João;Silva;joao.silva@email.com;123456
maria_santos;Maria;Santos;maria.santos@email.com;123456
pedro_oliveira;Pedro;Oliveira;pedro.oliveira@email.com;123456
ana_rodrigues;Ana;Rodrigues;ana.rodrigues@email.com;123456
luis_almeida;Luís;Almeida;luis.almeida@email.com;123456
sandra_costa;Sandra;Costa;sandra.costa@email.com;123456
carlos_pereira;Carlos;Pereira;carlos.pereira@email.com;123456
patricia_fernandes;Patrícia;Fernandes;patricia.fernandes@email.com;123456
ricardo_silveira;Ricardo;Silveira;ricardo.silveira@email.com;123456
ana_clara;Ana;Clara;ana.clara@email.com;123456
rodrigo_souza;Rodrigo;Souza;rodrigo.souza@email.com;123456
andre_oliveira;André;Oliveira;andre.oliveira@email.com;123456
carla_silva;Carla;Silva;carla.silva@email.com;123456
fernando_santos;Fernando;Santos;fernando.santos@email.com;123456
andreia_rocha;Andreia;Rocha;andreia.rocha@email.com;123456
marco_almeida;Marco;Almeida;marco.almeida@email.com;123456
raquel_pereira;Raquel;Pereira;raquel.pereira@email.com;123456
gustavo_oliveira;Gustavo;Oliveira;gustavo.oliveira@email.com;123456
luciana_rodrigues;Luciana;Rodrigues;luciana.rodrigues@email.com;123456
mario_mendes;Mário;Mendes;mario.mendes@email.com;123456
leticia_goncalves;Letícia;Gonçalves;leticia.goncalves@email.com;123456
andre_santos;André;Santos;andre.santos@email.com;123456
cristina_ferreira;Cristina;Ferreira;cristina.ferreira@email.com;123456
bruno_pereira;Bruno;Pereira;bruno.pereira@email.com;123456
patricia_oliveira;Patrícia;Oliveira;patricia.oliveira@email.com;123456
marcos_fernandes;Marcos;Fernandes;marcos.fernandes@email.com;123456
rosana_rodrigues;Rosana;Rodrigues;rosana.rodrigues@email.com;123456
gabriel_rocha;Gabriel;Rocha;gabriel.rocha@email.com;123456
marta_mendes;Marta;Mendes;marta.mendes@email.com;123456
renata_oliveira;Renata;Oliveira;renata.oliveira@email.com;123456
marcelo_goncalves;Marcelo;Gonçalves;marcelo.goncalves@email.com;123456
ana_pereira;Ana;Pereira;ana.pereira@email.com;123456
bruna_silva;Bruna;Silva;bruna.silva@email.com;123456
gustavo_martins;Gustavo;Martins;gustavo.martins@email.com;123456
carolina_almeida;Carolina;Almeida;carolina.almeida@email.com;123456
marcos_silva;Marcos;Silva;marcos.silva@email.com;123456
luciana_martins;Luciana;Martins;luciana.martins@email.com;123456
tiago_rocha;Tiago;Rocha;tiago.rocha@email.com;123456
patricia_silva;Patrícia;Silva;patricia.silva@email.com;123456
roberto_goncalves;Roberto;Gonçalves;roberto.goncalves@email.com;123456
ana_martins;Ana;Martins;ana.martins@email.com;123456
andre_silva;André;Silva;andre.silva@email.com;123456
isabela_almeida;Isabela;Almeida;isabela.almeida@email.com;
